{"name":"41e72845-f031-47ee-adb0-bb43dc445fa1","id":"/providers/Microsoft.Flow/flows/41e72845-f031-47ee-adb0-bb43dc445fa1","type":"Microsoft.Flow/flows","properties":{"apiId":"/providers/Microsoft.PowerApps/apis/shared_logicflows","displayName":"Kickoff Workflow Test","definition":{"metadata":{"workflowEntityId":null,"creator":{"id":"6d953bc1-ccf3-4b11-8598-b58c8c040ccb","type":"User","tenantId":"b26cb224-a740-4eb2-9250-59e20fc6f6ec"},"provisioningMethod":"FromDefinition","failureAlertSubscription":true,"clientLastModifiedTime":"2019-11-19T17:14:14.6792987Z"},"$schema":"https://schema.management.azure.com/providers/Microsoft.Logic/schemas/2016-06-01/workflowdefinition.json#","contentVersion":"1.0.0.0","parameters":{"$connections":{"defaultValue":{},"type":"Object"},"$authentication":{"defaultValue":{},"type":"SecureObject"}},"triggers":{"When_a_file_is_created_or_modified_(properties_only)":{"recurrence":{"frequency":"Minute","interval":5},"splitOn":"@triggerBody()?['value']","metadata":{"flowSystemMetadata":{"swaggerOperationId":"GetOnUpdatedFileItems"}},"type":"ApiConnection","inputs":{"host":{"connection":{"name":"@parameters('$connections')['shared_sharepointonline_1']['connectionId']"},"api":{"runtimeUrl":"https://unitedstates-002.azure-apim.net/apim/sharepointonline"}},"method":"get","path":"/datasets/@{encodeURIComponent(encodeURIComponent('https://m365x689444.sharepoint.com/sites/RecordsDemo'))}/tables/@{encodeURIComponent(encodeURIComponent('e38ccd81-aa1d-4948-be3e-7fcf8b1bca2f'))}/onupdatedfileitems","authentication":"@parameters('$authentication')"}}},"actions":{"Run_Flows":{"runAfter":{"Enumerate_Workflows":["Succeeded"]},"metadata":{"flowSystemMetadata":{"swaggerOperationId":"HttpRequest"}},"type":"ApiConnection","inputs":{"host":{"connection":{"name":"@parameters('$connections')['shared_sharepointonline_1']['connectionId']"},"api":{"runtimeUrl":"https://unitedstates-002.azure-apim.net/apim/sharepointonline"}},"method":"post","body":{"method":"POST","uri":"_api/SP.WorkflowServices.WorkflowInstanceService.Current/StartWorkflowOnListItemBySubscriptionId(subscriptionId='3259d633-9dfe-4c37-af30-e6a05ff23f04',itemId='3')","headers":{"Content-Type":"application/json;odata=verbose","Accept":"application/json;odata=verbose"}},"path":"/datasets/@{encodeURIComponent(encodeURIComponent('https://m365x689444.sharepoint.com/sites/RecordsDemo'))}/httprequest","authentication":"@parameters('$authentication')"}},"Enumerate_Workflows":{"runAfter":{},"metadata":{"flowSystemMetadata":{"swaggerOperationId":"HttpRequest"}},"type":"ApiConnection","inputs":{"host":{"connection":{"name":"@parameters('$connections')['shared_sharepointonline_1']['connectionId']"},"api":{"runtimeUrl":"https://unitedstates-002.azure-apim.net/apim/sharepointonline"}},"method":"post","body":{"method":"POST","uri":"_api/SP.WorkflowServices.WorkflowSubscriptionService.Current/EnumerateSubscriptionsByList(guid'e38ccd81-aa1d-4948-be3e-7fcf8b1bca2f')?select=Id,Name","headers":{"Content-Type":"application/json;odata=verbose","Accept":"application/json;odata=verbose"}},"path":"/datasets/@{encodeURIComponent(encodeURIComponent('https://m365x689444.sharepoint.com/sites/RecordsDemo'))}/httprequest","authentication":"@parameters('$authentication')"}}}},"connectionReferences":{"shared_sharepointonline_1":{"connectionName":"shared-sharepointonl-aeb76708-8c52-4d19-8f7f-2d6ea54ec20d","source":"Embedded","id":"/providers/Microsoft.PowerApps/apis/shared_sharepointonline","tier":"NotSpecified"}},"flowFailureAlertSubscribed":false}}