{
  "IsEncrypted": false,
  "Values": {
    "WEBSITE_AUTH_CLIENT_ID": "{INSERT VALUE}",
    "WEBSITE_AUTH_CLIENT_SECRET": "{INSERT VALUE}",
    "WEBSITE_AUTH_TOKEN_STORE": "True",
    "WEBSITE_SLOT_NAME": "Production",
    "FUNCTIONS_EXTENSION_VERSION": "~1",
    "ScmType": "None",
    "WEBSITE_AUTH_ENABLED": "False",
    "PBI-UserName-URL": "{INSERT VALUE}",
    "REMOTEDEBUGGINGVERSION": "15.0.28307.222",
    "PBI-Pwd-URL": "{INSERT VALUE}",
    "WEBSITE_AUTH_UNAUTHENTICATED_ACTION": "RedirectToLoginPage",
    "APPINSIGHTS_INSTRUMENTATIONKEY": "{INSERT VALUE}",
    "WEBSITE_AUTH_OPENID_ISSUER": "{INSERT VALUE}",
    "WEBSITE_AUTH_RUNTIME_VERSION": "1.0.0",
    "WEBSITE_CONTENTAZUREFILECONNECTIONSTRING": "{INSERT VALUE}",
    "WEBSITE_CONTENTSHARE": "{INSERT VALUE}",
    "WEBSITE_AUTH_ALLOWED_AUDIENCES": "{INSERT VALUE}",
    "WEBSITE_AUTH_AUTO_AAD": "False",
    "AzureWebJobsStorage": "{INSERT VALUE}",
    "WEBSITE_NODE_DEFAULT_VERSION": "6.5.0",
    "WEBSITE_AUTH_LOGOUT_PATH": "/.auth/logout",
    "WEBSITE_SITE_NAME": "xmla",
    "WEBSITE_AUTH_DEFAULT_PROVIDER": "AzureActiveDirectory"
  }
}