{"name":"1e3cb87f-2860-45e2-b22a-b1cd964a9306","id":"/providers/Microsoft.Flow/flows/1e3cb87f-2860-45e2-b22a-b1cd964a9306","type":"Microsoft.Flow/flows","properties":{"apiId":"/providers/Microsoft.PowerApps/apis/shared_logicflows","displayName":"Data Alert Test","definition":{"metadata":{"workflowEntityId":null,"creator":{"id":"c3bf0d41-e924-4c16-bca4-15a1dfbb7c2d","type":"User","tenantId":"f5727296-5b49-4b31-a544-d1d85d64a529"},"provisioningMethod":"FromDefinition","failureAlertSubscription":true,"clientLastModifiedTime":"2020-04-13T00:37:16.3034491Z"},"$schema":"https://schema.management.azure.com/providers/Microsoft.Logic/schemas/2016-06-01/workflowdefinition.json#","contentVersion":"1.0.0.0","parameters":{"$authentication":{"defaultValue":{},"type":"SecureObject"}},"triggers":{"manual":{"type":"Request","kind":"Button","inputs":{"schema":{"type":"object","properties":{},"required":[]}}}},"actions":{"HTTP":{"runAfter":{"Initialize_variable_2":["Succeeded"]},"type":"Http","inputs":{"method":"POST","uri":"https://INSERT.URL.HERE","body":"// DAX Query\nEVALUATE\n  TOPN(\n    501,\n    SUMMARIZECOLUMNS('Grades'[Person], \"SumGrades2\", CALCULATE(SUM('Grades'[Grades]))),\n    'Grades'[Person],\n    1\n  )\n\nORDER BY\n  'Grades'[Person]\n"}},"Parse_JSON":{"runAfter":{"HTTP":["Succeeded"]},"type":"ParseJson","inputs":{"content":"@body('HTTP')","schema":{"type":"array","items":{"type":"array","items":{"type":"string"}}}}},"Apply_to_each_2":{"foreach":"@body('Parse_JSON')","actions":{"Increment_variable":{"runAfter":{},"type":"IncrementVariable","inputs":{"name":"Count","value":1}},"Condition":{"actions":{"Set_variable":{"runAfter":{},"type":"SetVariable","inputs":{"name":"Grade","value":"@{items('Apply_to_each_2')[1]}"}}},"runAfter":{"Increment_variable":["Succeeded"]},"expression":{"greater":["@variables('Count')",0]},"type":"If"}},"runAfter":{"Parse_JSON":["Succeeded"]},"type":"Foreach","runtimeConfiguration":{"concurrency":{"repetitions":1}}},"Initialize_variable":{"runAfter":{},"type":"InitializeVariable","inputs":{"variables":[{"name":"Grade","type":"String"}]}},"Initialize_variable_2":{"runAfter":{"Initialize_variable":["Succeeded"]},"type":"InitializeVariable","inputs":{"variables":[{"name":"Count","type":"Integer","value":-1}]}}}},"connectionReferences":{},"flowFailureAlertSubscribed":false}}